Last Name,First Name,Course Name,Schedule Start,Period Start,Room Name,Lunch Name,Term Start
Arm,Ada,Advisory Grade 12,A,Advisory,4417,,Qtr4
Arm,Ada,Economics,A,4,3407,,Qtr4
Arm,Ada,Late Start,A,1,,,Qtr4
Arm,Ada,MindBody Fitness,A,3,1114,D Lunch,Qtr4
Arm,Ada,"Painting, Beginning",A,2,1304,,Qtr4
Arm,Ada,Physics,B,4,2405,,Qtr4
Arm,Ada,Quest Science Fiction,B,3,3102,B Lunch,Qtr4
Arm,Ada,Reading Standards 7,B,2,3118,,Qtr4
Arm,Ada,Skills for Coll & Car Readi 1,B,1,4104,,Qtr4
Arm,Ada,Supplemental,B,5,,,Qtr4
Tye,Ada,Advisory Grade 9,A,Advisory,2403,,Qtr4
Tye,Ada,Biology,A,1,2304,,Qtr4
Tye,Ada,IB MYP Freshman Foundations,B,4,2507,,Qtr4
Tye,Ada,Integrated Math I,A,2,4410,,Qtr4
Tye,Ada,Integrated Math I Standards,B,2,3410,,Qtr4
Tye,Ada,Mixed Media,A,4,1303,,Qtr4
Tye,Ada,Quest English 9,A,3,3106,B Lunch,Qtr4
Tye,Ada,Reading Standards 5,B,3,3409,B Lunch,Qtr4
Tye,Ada,Skills for Coll & Car Readi 1,B,1,3420,,Qtr4
Wil,Aha,Advisory Grade 11,A,Advisory,4107,,Qtr4
Wil,Aha,Integrated Math III Standards,A,4,4401,,Qtr4
Wil,Aha,Mixed Media,B,3,1318,A Lunch,Qtr4
Wil,Aha,Physics,A,2,2405,,Qtr4
Wil,Aha,Quest World Literature,B,4,3115,,Qtr4
Wil,Aha,Reading Standards 7,B,2,3118,,Qtr4
Wil,Aha,Skills for Coll & Car Readi 1,A,3,4104,,Qtr4
Wil,Aha,US History Survey,A,1,1317,,Qtr4
Wil,Aha,"Woodworking, Beginning",B,1,1314,,Qtr4
Jos,Arm,Advisory Grade 9,A,Advisory,2312,,Qtr4
Jos,Arm,Biology,B,2,2304,,Qtr4
Jos,Arm,Chinese 1,A,4,4103,,Qtr4
Jos,Arm,IB MYP Freshman Foundations,B,1,2311,,Qtr4
Jos,Arm,Integrated Math I,B,3,4410,D Lunch,Qtr4
Jos,Arm,Quest English 9,A,3,3106,B Lunch,Qtr4
Jos,Arm,Skills for Coll & Car Readi 1,A,2,4112,,Qtr4
Jos,Arm,Volleyball,A,1,1501,,Qtr4
Jos,Arm,World History,B,4,3404,,Qtr4
Phi,Bak,Advisory Grade 11,A,Advisory,4403,,Qtr4
Phi,Bak,Career Seminar 1,B,4,1101,,Qtr4
Phi,Bak,Integrated Math III,A,2,4407,,Qtr4
Phi,Bak,Physics,B,2,2405,,Qtr4
Phi,Bak,Quest Science Fiction,B,3,3102,B Lunch,Qtr4
Phi,Bak,Reading Standards 6,A,3,4112,C Lunch,Qtr4
Phi,Bak,Skills for Coll & Car Readi 1,B,1,4104,,Qtr4
Phi,Bak,"Ten/Bass (TB) Choir, Beginning",A,1,2501,,Qtr4
Phi,Bak,US History Survey,A,4,1317,,Qtr4
Bro,Beh,Advisory Grade 10,A,Advisory,4101,,Qtr4
Bro,Beh,AP Computer Science A,A,4,101,,Qtr4
Bro,Beh,AP Human Geography,B,3,3401,B Lunch,Qtr4
Bro,Beh,"Chemistry, Accelerated",B,1,2306,,Qtr4
Bro,Beh,Critical Ethnic Studies,A,2,3110,,Qtr4
Bro,Beh,GI- Writer's Workshop,A,3,4101,C Lunch,Qtr4
Bro,Beh,IB German Immersion 10,B,2,4110,,Qtr4
Bro,Beh,Integrated Math III,A,1,4409,,Qtr4
Bro,Beh,Quest English 10,B,4,4114,,Qtr4
Wil,Boe,Advisory Grade 10,A,Advisory,101,,Qtr4
Wil,Boe,Auto Technology 2,B,2,1214,,Qtr4
Wil,Boe,Chemistry,A,1,2306,,Qtr4
Wil,Boe,Critical Ethnic Studies,A,2,3110,,Qtr4
Wil,Boe,Health: Individual & Community,B,4,1415,,Qtr4
Wil,Boe,Human Geography,B,1,3401,,Qtr4
Wil,Boe,Integrated Math II,B,3,4402,D Lunch,Qtr4
Wil,Boe,Quest English 10,A,4,4114,,Qtr4
Wil,Boe,Skills for Coll & Car Readi 1,A,3,4104,,Qtr4
Kyr,Boo,Advisory Grade 12,A,Advisory,3408,,Qtr4
Kyr,Boo,Critical Ethnic Studies,B,2,4414,,Qtr4
Kyr,Boo,Culinary Arts 1,A,4,1414,,Qtr4
Kyr,Boo,Integrated Math III,A,2,4407,,Qtr4
Kyr,Boo,Integrated Math III Standards,B,4,4401,,Qtr4
Kyr,Boo,Mixed Media,B,3,1318,A Lunch,Qtr4
Kyr,Boo,"Painting, Beginning",A,1,1304,,Qtr4
Kyr,Boo,Quest African Amer Literature,B,1,3104,,Qtr4
Kyr,Boo,Strength & Fitness Training,A,3,1117,D Lunch,Qtr4
Kyr,Boo,Supplemental,B,5,,,Qtr4
Mad,Bra,Advisory Grade 12,A,Advisory,3408,,Qtr4
Mad,Bra,AP Precalculus,A,4,4410,,Qtr4
Mad,Bra,CIS University Writing,B,2,3107,,Qtr4
Mad,Bra,Early Release,B,3,,,Qtr4
Mad,Bra,Early Release,B,4,,,Qtr4
Mad,Bra,Economics,A,1,3407,,Qtr4
Mad,Bra,Supplemental,B,5,,,Qtr4
Mad,Bra,US Government,A,3,3407,B Lunch,Qtr4
Jam,Bro,Advisory Grade 12,A,Advisory,3107,,Qtr4
Jam,Bro,Earth and Space,A,3,2405,A Lunch,Qtr4
Jam,Bro,Late Start,A,1,,,Qtr4
Jam,Bro,Late Start,A,2,,,Qtr4
Jam,Bro,Late Start,B,1,,,Qtr4
Jam,Bro,Late Start,B,2,,,Qtr4
Jam,Bro,Quest World Literature,B,4,3115,,Qtr4
Jam,Bro,Skills for Coll & Car Readi 1,A,4,3118,,Qtr4
Jam,Bro,Street Law,B,3,3406,B Lunch,Qtr4
Jam,Bro,Supplemental,B,5,,,Qtr4
Kyz,Bro,Advisory Grade 11,A,Advisory,1214,,Qtr4
Kyz,Bro,Chemistry Standards,A,2,4104,,Qtr4
Kyz,Bro,Integrated Math III,B,2,4407,,Qtr4
Kyz,Bro,Integrated Math III Standards,B,4,4401,,Qtr4
Kyz,Bro,International Cuisine,A,1,1414,,Qtr4
Kyz,Bro,Quest Science Fiction,B,3,3102,B Lunch,Qtr4
Kyz,Bro,Reading Standards 6,B,1,4112,,Qtr4
Kyz,Bro,Skills for Coll & Car Readi 1,A,4,3118,,Qtr4
Kyz,Bro,US History Standards,A,3,4414,C Lunch,Qtr4
O'D,Bro,Advisory,A,Advisory,4112,,Qtr4
O'D,Bro,Chemistry,B,3,2304,A Lunch,Qtr4
O'D,Bro,Integrated Math III Standards,A,4,4401,,Qtr4
O'D,Bro,"Painting, Beginning",B,1,1304,,Qtr4
O'D,Bro,Reading Standards 7,B,4,4112,,Qtr4
O'D,Bro,Skills for Coll & Car Readi 1,B,2,4104,,Qtr4
O'D,Bro,Strength & Fitness Training,A,2,1117,,Qtr4
O'D,Bro,US History Survey,A,1,1317,,Qtr4
Dak,Car,Advisory Grade 12,A,Advisory,3408,,Qtr4
Dak,Car,Auto Technology 1,A,4,1214,,Qtr4
Dak,Car,Biology,A,1,2304,,Qtr4
Dak,Car,"Painting, Beginning",A,2,1304,,Qtr4
Dak,Car,Quest Science Fiction,B,3,3102,B Lunch,Qtr4
Dak,Car,Reading Standards 7,B,2,3118,,Qtr4
Dak,Car,Skills for Coll & Car Readi 1,B,1,4104,,Qtr4
Dak,Car,Supplemental,B,5,,,Qtr4
Dak,Car,US Government,A,3,3407,B Lunch,Qtr4
Dak,Car,World History,B,4,3402,,Qtr4
Tom,Cla,Advisory Grade 9,A,Advisory,1303,,Qtr4
Tom,Cla,"Drawing, Beginning",B,1,1303,,Qtr4
Tom,Cla,Earth and Space,B,3,1203,A Lunch,Qtr4
Tom,Cla,Integrated Math I,A,2,4410,,Qtr4
Tom,Cla,Integrated Math I Standards,B,4,1104,,Qtr4
Tom,Cla,Quest English 9,A,4,3106,,Qtr4
Tom,Cla,Reading Standards 5,B,2,3409,,Qtr4
Tom,Cla,Skills for Coll & Car Readi 1,A,1,3410,,Qtr4
Tom,Cla,World History,A,3,3403,B Lunch,Qtr4
Kev,Cla,Advisory Grade 12,A,Advisory,4114,,Qtr4
Kev,Cla,Chemistry,A,2,2307,,Qtr4
Kev,Cla,Economics,A,4,3407,,Qtr4
Kev,Cla,"Music Production, Beginning",B,4,1119,,Qtr4
Kev,Cla,Quest Science Fiction,A,3,3102,B Lunch,Qtr4
Kev,Cla,Reading Standards 7,B,2,3118,,Qtr4
Kev,Cla,Skills for Coll & Car Readi 1,B,1,4104,,Qtr4
Kev,Cla,Supplemental,B,5,,,Qtr4
Kev,Cla,US Government,B,3,3407,B Lunch,Qtr4
Kev,Cla,Video Game Music,A,1,1119,,Qtr4
Ish,Cra,Advisory Grade 11,A,Advisory,1415,,Qtr4
Ish,Cra,Chemistry,A,2,2307,,Qtr4
Ish,Cra,IB DP German Imm 11: Lang A,B,3,4110,C Lunch,Qtr4
Ish,Cra,Integrated Math III,B,2,4407,,Qtr4
Ish,Cra,Integrated Math III Standards,A,4,4401,,Qtr4
Ish,Cra,MindBody Fitness,A,3,1114,D Lunch,Qtr4
Ish,Cra,Quest World Literature,B,4,3115,,Qtr4
Ish,Cra,Skills for Coll & Car Readi 1,B,1,4104,,Qtr4
Ish,Cra,US History Survey,A,1,1317,,Qtr4
Cin,Cry,Advisory Grade 10,A,Advisory,2507,,Qtr4
Cin,Cry,"Ceramics, Beginning",B,1,1308,,Qtr4
Cin,Cry,Chemistry,B,4,2306,,Qtr4
Cin,Cry,Integrated Math II Standards,A,1,3420,,Qtr4
Cin,Cry,Marketing,B,2,3408,,Qtr4
Cin,Cry,Quest English 10,A,4,4114,,Qtr4
Cin,Cry,Reading Standards 5,B,3,3409,B Lunch,Qtr4
Cin,Cry,Skills for Coll & Car Readi 1,A,2,4112,,Qtr4
Cin,Cry,Street Law,A,3,3404,B Lunch,Qtr4
Ros,Cry,49ers Mobile Equip Maint,A,3,,,Qtr4
Ros,Cry,Advisory Grade 12,A,Advisory,3104,,Qtr4
Ros,Cry,Economics,A,1,3407,,Qtr4
Ros,Cry,Integrated Math I Standards,B,2,3410,,Qtr4
Ros,Cry,Reading Standards 6,B,1,4112,,Qtr4
Ros,Cry,Skills for Coll & Car Readi 1,A,2,4112,,Qtr4
Ros,Cry,Supplemental,B,5,,,Qtr4
Tyr,Cun,Advisory,A,Advisory,1103,,Qtr4
Tyr,Cun,"Dance, Beginning",B,1,1114,,Qtr4
Tyr,Cun,Math Strategies,B,4,1104,,Qtr4
Tyr,Cun,"Painting, Beginning",A,1,1304,,Qtr4
Tyr,Cun,Physical Education / DAPE,A,3,,A Lunch,Qtr4
Tyr,Cun,Reading Strategies,A,4,1103,,Qtr4
Tyr,Cun,Science Strategies,B,2,1104,,Qtr4
Tyr,Cun,Social Studies Strategies,A,2,1103,,Qtr4
Tyr,Cun,Unified PE (11-12 only),B,3,1501,A Lunch,Qtr4
Mar,Dan,Advisory Grade 10,A,Advisory,1308,,Qtr4
Mar,Dan,Auto Technology 1,A,2,1214,,Qtr4
Mar,Dan,Critical Ethnic Studies,B,4,2403,,Qtr4
Mar,Dan,Earth and Space,A,3,2405,A Lunch,Qtr4
Mar,Dan,Individual & Team Sports,A,4,1501,,Qtr4
Mar,Dan,Integrated Math II,B,3,4402,D Lunch,Qtr4
Mar,Dan,"Painting, Beginning",B,2,1304,,Qtr4
Mar,Dan,Quest English 10,B,1,4114,,Qtr4
Mar,Dan,Skills for Coll & Car Readi 1,A,1,3410,,Qtr4
Jac,Dav,Advisory Grade 12,A,Advisory,3107,,Qtr4
Jac,Dav,Alternate HS Class,A,1,,,Qtr4
Jac,Dav,Integrated Math III,B,1,4407,,Qtr4
Jac,Dav,Integrated Math III Standards,B,4,4401,,Qtr4
Jac,Dav,Quest Science Fiction,B,3,3102,B Lunch,Qtr4
Jac,Dav,Reading Standards 7,B,2,3118,,Qtr4
Jac,Dav,Supplemental,B,5,,,Qtr4
Chr,Daw,Advisory Grade 12,A,Advisory,3102,,Qtr4
Chr,Daw,AP Env Science,A,3,2311,A Lunch,Qtr4
Chr,Daw,AP Macroeconomics,B,4,3101,,Qtr4
Chr,Daw,AP Statistics,B,3,4408,D Lunch,Qtr4
Chr,Daw,"Ceramics, Beginning",A,2,1308,,Qtr4
Chr,Daw,Marketing,B,2,3408,,Qtr4
Chr,Daw,Quest Science Fiction,B,1,3110,,Qtr4
Chr,Daw,Supplemental,B,5,,,Qtr4
Chr,Daw,"Ten/Bass (TB) Choir, Beginning",A,1,2501,,Qtr4
Chr,Daw,Video Game Music,A,4,1119,,Qtr4
Ste,DeB,Advisory Grade 10,A,Advisory,101,,Qtr4
Ste,DeB,Earth and Space,A,3,2405,A Lunch,Qtr4
Ste,DeB,Human Geography,A,4,3401,,Qtr4
Ste,DeB,Integrated Math II,A,2,4402,,Qtr4
Ste,DeB,MCTC Multicultural App to Educ,B,3,3415,C Lunch,Qtr4
Ste,DeB,"Painting, Beginning",B,2,1304,,Qtr4
Ste,DeB,Quest English 10,B,1,4114,,Qtr4
Ste,DeB,Skills for Coll & Car Readi 1,A,1,3410,,Qtr4
Joh,Den,Advisory Grade 9,A,Advisory,1318,,Qtr4
Joh,Den,Auto Technology 1,A,4,1214,,Qtr4
Joh,Den,Biology,A,1,1202,,Qtr4
Joh,Den,Integrated Math I Standards,B,2,3410,,Qtr4
Joh,Den,Quest English 9,A,3,3106,B Lunch,Qtr4
Joh,Den,Reading Standards 5,B,4,3409,,Qtr4
Joh,Den,Skills for Coll & Car Readi 1,A,2,4112,,Qtr4
Joh,Den,Soccer,B,1,1501,,Qtr4
Joh,Den,World History,B,3,3404,B Lunch,Qtr4
Aur,Eme,Advisory Grade 9,A,Advisory,3402,,Qtr4
Aur,Eme,Biology,B,2,2304,,Qtr4
Aur,Eme,"Ceramics, Beginning",B,1,1308,,Qtr4
Aur,Eme,Integrated Math I,B,3,4410,D Lunch,Qtr4
Aur,Eme,Mixed Media,A,4,1303,,Qtr4
Aur,Eme,Quest English 9,A,3,3106,B Lunch,Qtr4
Aur,Eme,Spanish 1,A,1,4109,,Qtr4
Aur,Eme,Volleyball,A,2,1501,,Qtr4
Aur,Eme,World History,B,4,3102,,Qtr4
The,Fis,Advisory Grade 9,A,Advisory,4410,,Qtr4
The,Fis,Biology Standards,A,1,4104,,Qtr4
The,Fis,"Drawing, Beginning",B,1,1303,,Qtr4
The,Fis,Math Strategies,B,4,1104,,Qtr4
The,Fis,Reading Standards 5,B,2,3409,,Qtr4
The,Fis,Social Studies Strategies,A,2,1103,,Qtr4
The,Fis,Transition To Independence 1,A,4,1104,,Qtr4
The,Fis,Unified PE (11-12 only),B,3,1501,A Lunch,Qtr4
The,Fis,Volleyball,A,3,1501,D Lunch,Qtr4
Ter,Fle,Advisory Grade 9,A,Advisory,3401,,Qtr4
Ter,Fle,Auto Technology 1,A,3,1214,D Lunch,Qtr4
Ter,Fle,Biology,A,1,1202,,Qtr4
Ter,Fle,Chinese 1,B,1,4103,,Qtr4
Ter,Fle,Integrated Math I,B,3,4410,D Lunch,Qtr4
Ter,Fle,Quest English 9,A,4,3106,,Qtr4
Ter,Fle,Reading Standards 5,B,2,3409,,Qtr4
Ter,Fle,Skills for Coll & Car Readi 1,A,2,4112,,Qtr4
Ter,Fle,World History,B,4,3404,,Qtr4
Dew,For,Advisory,A,Advisory,4112,,Qtr4
Dew,For,Chemistry Standards,A,2,4104,,Qtr4
Dew,For,Integrated Math III Standards,A,4,4401,,Qtr4
Dew,For,"Music Production, Beginning",B,4,1119,,Qtr4
Dew,For,Reading Standards 7,B,2,3118,,Qtr4
Dew,For,Skills for Coll & Car Readi 1,B,1,4104,,Qtr4
Dew,For,Street Law,B,3,3406,B Lunch,Qtr4
Dew,For,Supplemental,B,5,,,Qtr4
Dew,For,US History Standards,A,3,4414,C Lunch,Qtr4
Dew,For,Volleyball,A,1,1501,,Qtr4
Sam,Fra,Advisory Grade 10,A,Advisory,3406,,Qtr4
Sam,Fra,Chemistry,A,1,2307,,Qtr4
Sam,Fra,Critical Ethnic Studies,B,2,2408,,Qtr4
Sam,Fra,German 1,B,3,4101,C Lunch,Qtr4
Sam,Fra,Health: Individual & Community,B,4,1415,,Qtr4
Sam,Fra,Integrated Math II,A,2,4402,,Qtr4
Sam,Fra,Quest English 10,A,4,4114,,Qtr4
Sam,Fra,Skills for Coll & Car Readi 1,B,1,3420,,Qtr4
Sam,Fra,Street Law,A,3,3404,B Lunch,Qtr4
Roy,Fri,Advisory Grade 11,A,Advisory,3407,,Qtr4
Roy,Fri,IB Chinese 3,A,1,4103,,Qtr4
Roy,Fri,Integrated Math III,B,2,4407,,Qtr4
Roy,Fri,Physics,B,4,2405,,Qtr4
Roy,Fri,Psychology,B,1,3405,,Qtr4
Roy,Fri,Quest Science Fiction,A,2,3102,,Qtr4
Roy,Fri,US History Survey,A,4,1317,,Qtr4
Roy,Fri,Volleyball,A,3,1501,D Lunch,Qtr4
Des,Gal,Advisory Grade 12,A,Advisory,3408,,Qtr4
Des,Gal,Earth and Space,B,3,1203,A Lunch,Qtr4
Des,Gal,Integrated Math III,B,2,4407,,Qtr4
Des,Gal,Mixed Media,A,4,1303,,Qtr4
Des,Gal,Physics,A,1,2405,,Qtr4
Des,Gal,Quest Science Fiction,A,2,3102,,Qtr4
Des,Gal,Soccer,B,4,1501,,Qtr4
Des,Gal,Street Law,A,3,3404,B Lunch,Qtr4
Des,Gal,Supplemental,B,5,,,Qtr4
Des,Gal,US History Survey,B,1,1317,,Qtr4
Lil,Gan,Advisory,A,Advisory,1103,,Qtr4
Lil,Gan,"Ceramics, Beginning",A,2,1308,,Qtr4
Lil,Gan,"Dance, Beginning",B,1,1114,,Qtr4
Lil,Gan,Math Strategies,B,4,1104,,Qtr4
Lil,Gan,Physical Education / DAPE,A,3,,A Lunch,Qtr4
Lil,Gan,Reading Strategies,A,4,1103,,Qtr4
Lil,Gan,Science Strategies,B,2,1104,,Qtr4
Lil,Gan,Transition To Independence 1,A,1,1104,,Qtr4
Lil,Gan,Unified PE (11-12 only),B,3,1501,A Lunch,Qtr4
Ter,Gar,Advisory Grade 12,A,Advisory,4114,,Qtr4
Ter,Gar,Chemistry,B,3,2304,A Lunch,Qtr4
Ter,Gar,Integrated Math III,A,2,4407,,Qtr4
Ter,Gar,Integrated Math III Standards,A,4,4401,,Qtr4
Ter,Gar,Mixed Media,A,1,1318,,Qtr4
Ter,Gar,Physics,B,1,2405,,Qtr4
Ter,Gar,Quest World Literature,B,4,3115,,Qtr4
Ter,Gar,Reading Standards 7,B,2,3118,,Qtr4
Ter,Gar,Supplemental,B,5,,,Qtr4
Ter,Gar,US Government,A,3,3407,B Lunch,Qtr4
Lun,Gar,Advisory Grade 12,A,Advisory,3102,,Qtr4
Lun,Gar,AVID 12,A,3,3103,B Lunch,Qtr4
Lun,Gar,Early Release,B,4,,,Qtr4
Lun,Gar,Economics,B,1,3407,,Qtr4
Lun,Gar,MindBody Fitness,A,1,1114,,Qtr4
Lun,Gar,Mixed Media,A,2,1318,,Qtr4
Lun,Gar,Pre Calculus,A,4,4409,,Qtr4
Lun,Gar,Quest Science Fiction,B,3,3102,B Lunch,Qtr4
Lun,Gar,Supplemental,B,5,,,Qtr4
And,Gat,Advisory Grade 9,A,Advisory,2406,,Qtr4
And,Gat,Biology,A,1,2304,,Qtr4
And,Gat,"Ceramics, Beginning",B,1,1308,,Qtr4
And,Gat,German 1,B,3,4101,C Lunch,Qtr4
And,Gat,Individual & Team Sports,A,4,1501,,Qtr4
And,Gat,Integrated Math I,A,2,4410,,Qtr4
And,Gat,Quest English 9,A,3,3104,B Lunch,Qtr4
And,Gat,Soccer,B,4,1501,,Qtr4
And,Gat,World History,B,2,3102,,Qtr4
Ava,Geo,"Drawing, Beginning",B,3,1303,A Lunch,Qtr4
Ava,Geo,Math Strategies,B,4,1104,,Qtr4
Ava,Geo,Reading Strategies,A,4,1103,,Qtr4
Ava,Geo,Steps 1,A,1,,,Qtr4
Ava,Geo,Steps 1,A,2,,,Qtr4
Ava,Geo,Steps 1,B,1,,,Qtr4
Ava,Geo,Steps 1,B,2,,,Qtr4
Ava,Geo,US History Standards,A,3,4414,C Lunch,Qtr4
Ezr,God,49ers Mobile Equip Maint,A,3,,,Qtr4
Ezr,God,Advisory Grade 12,A,Advisory,3108,,Qtr4
Ezr,God,Chemistry Standards,A,2,4104,,Qtr4
Ezr,God,Critical Ethnic Studies,B,2,4414,,Qtr4
Ezr,God,Reading Standards 6,B,1,4112,,Qtr4
Ezr,God,Skills for Coll & Car Readi 1,A,1,3410,,Qtr4
Mal,Gra,Advisory Grade 10,A,Advisory,1308,,Qtr4
Mal,Gra,Auto Technology 1,A,3,1214,D Lunch,Qtr4
Mal,Gra,Chemistry,B,4,2306,,Qtr4
Mal,Gra,Critical Ethnic Studies,A,2,3110,,Qtr4
Mal,Gra,Integrated Math II,B,3,4403,D Lunch,Qtr4
Mal,Gra,"Painting, Beginning",B,2,1304,,Qtr4
Mal,Gra,Quest English 10,A,4,4114,,Qtr4
Mal,Gra,Skills for Coll & Car Readi 1,A,1,3410,,Qtr4
Mal,Gra,"Woodworking, Beginning",B,1,1314,,Qtr4
Wal,Gun,Advisory Grade 9,A,Advisory,3401,,Qtr4
Wal,Gun,Auto Technology 1,A,4,1214,,Qtr4
Wal,Gun,"Biology, Accelerated",B,3,2406,A Lunch,Qtr4
Wal,Gun,IB MYP Freshman Foundations,B,2,2507,,Qtr4
Wal,Gun,IB Spanish 3,A,3,4107,A Lunch,Qtr4
Wal,Gun,Integrated Math III,B,1,4407,,Qtr4
Wal,Gun,Intro to Business,B,4,3408,,Qtr4
Wal,Gun,Quest English 9,A,2,3107,,Qtr4
Wal,Gun,"World History, Accelerated",A,1,3402,,Qtr4
Emm,Haa,Advisory Grade 10,A,Advisory,4408,,Qtr4
Emm,Haa,AP Computer Science A,A,4,101,,Qtr4
Emm,Haa,AP Human Geography,B,3,3401,B Lunch,Qtr4
Emm,Haa,"Biology, Accelerated",A,2,1202,,Qtr4
Emm,Haa,GI- Writer's Workshop,A,3,4101,C Lunch,Qtr4
Emm,Haa,IB German Immersion 10,B,2,4110,,Qtr4
Emm,Haa,Integrated Math III (sem 2),A,1,4406,,Qtr4
Emm,Haa,Quest English 10,B,4,4114,,Qtr4
Mic,Ham,Advisory,A,Advisory,4112,,Qtr4
Mic,Ham,Chemistry Standards,A,2,4104,,Qtr4
Mic,Ham,Critical Ethnic Studies,B,2,4414,,Qtr4
Mic,Ham,Integrated Math III Standards,A,4,4401,,Qtr4
Mic,Ham,Reading Standards 7,B,4,4112,,Qtr4
Mic,Ham,US History Standards,A,3,4414,C Lunch,Qtr4
Mic,Ham,Volleyball,A,1,1501,,Qtr4
A'm,Har,Advisory Grade 9,A,Advisory,2405,,Qtr4
A'm,Har,Biology,B,2,2304,,Qtr4
A'm,Har,Integrated Math I,B,1,4417,,Qtr4
A'm,Har,MindBody Fitness,A,1,1114,,Qtr4
A'm,Har,Mixed Media,B,3,1318,A Lunch,Qtr4
A'm,Har,Quest English 9,B,4,3106,,Qtr4
A'm,Har,Skills for Coll & Car Readi 1,A,4,4112,,Qtr4
A'm,Har,Spanish 1,A,2,4106,,Qtr4
A'm,Har,World History,A,3,3403,B Lunch,Qtr4
My',Har,Advisory,A,Advisory,4104,,Qtr4
My',Har,Biology Standards,A,1,4104,,Qtr4
My',Har,Health: Individual & Community,B,1,1415,,Qtr4
My',Har,Individual & Team Sports,A,4,1501,,Qtr4
My',Har,Integrated Math I,B,3,4410,D Lunch,Qtr4
My',Har,Integrated Math I Standards,B,2,3410,,Qtr4
My',Har,Reading Standards 5,B,4,3409,,Qtr4
My',Har,Skills for Coll & Car Readi 1,A,2,4112,,Qtr4
My',Har,US History Standards,A,3,4414,C Lunch,Qtr4
Kin,Har,Advisory Grade 10,A,Advisory,3101,,Qtr4
Kin,Har,Biology,B,2,2304,,Qtr4
Kin,Har,Career Seminar 1,B,4,1101,,Qtr4
Kin,Har,"Drawing, Beginning",B,1,1303,,Qtr4
Kin,Har,Integrated Math II,B,3,4403,D Lunch,Qtr4
Kin,Har,"Painting, Beginning",A,1,1304,,Qtr4
Kin,Har,Quest English 10,A,4,4114,,Qtr4
Kin,Har,Skills for Coll & Car Readi 1,A,2,4112,,Qtr4
Kin,Har,World Music Ensemble,A,3,1119,D Lunch,Qtr4
Mya,Hen,Advisory Grade 11,A,Advisory,3105,,Qtr4
Mya,Hen,Chemistry,B,4,2306,,Qtr4
Mya,Hen,Individual & Team Sports,A,4,1501,,Qtr4
Mya,Hen,Integrated Math II,B,3,4406,D Lunch,Qtr4
Mya,Hen,"Painting, Beginning",A,2,1304,,Qtr4
Mya,Hen,Quest African Amer Literature,B,2,3104,,Qtr4
Mya,Hen,Skills for Coll & Car Readi 1,B,1,4104,,Qtr4
Mya,Hen,US History Survey,A,1,1317,,Qtr4
Mya,Hen,World Music Ensemble,A,3,1119,D Lunch,Qtr4
Sam,Hen,Advisory Grade 12,A,Advisory,1304,,Qtr4
Sam,Hen,"Ceramics, Beginning",A,2,1308,,Qtr4
Sam,Hen,Early Release,B,4,,,Qtr4
Sam,Hen,IB DP Math Applications SL1,A,4,4404,,Qtr4
Sam,Hen,Late Start,A,1,,,Qtr4
Sam,Hen,Late Start,B,1,,,Qtr4
Sam,Hen,Quest Science Fiction,B,3,3102,B Lunch,Qtr4
Sam,Hen,Skills for Coll & Car Readi 1,A,3,4104,,Qtr4
Sam,Hen,US Government,B,2,3407,,Qtr4
Bra,Her,Eng Lang Development 11,B,3,2403,C Lunch,Qtr4
Bra,Her,Integrated Math III Standards,A,4,4401,,Qtr4
Bra,Her,Reading Standards 7,B,4,4112,,Qtr4
Bra,Her,Skills for Coll & Car Readi 1,A,3,4104,,Qtr4
Bra,Her,Steps 1,A,1,,,Qtr4
Bra,Her,Steps 1,A,2,,,Qtr4
Bra,Her,Steps 1,B,1,,,Qtr4
Bra,Her,Steps 1,B,2,,,Qtr4
Don,Hoa,Advisory,A,Advisory,1104,,Qtr4
Don,Hoa,Career Seminar 1,A,3,1101,,Qtr4
Don,Hoa,Math Strategies,B,1,1104,,Qtr4
Don,Hoa,Reading Strategies,A,4,1103,,Qtr4
Don,Hoa,Science Strategies,A,2,1104,,Qtr4
Don,Hoa,Social Studies Strategies,B,4,1103,,Qtr4
Don,Hoa,"Ten/Bass (TB) Choir, Beginning",A,1,2501,,Qtr4
Don,Hoa,Transition To Independence 1,B,2,1103,,Qtr4
Don,Hoa,Unified PE (11-12 only),B,3,1501,A Lunch,Qtr4
Sea,Hor,Advisory Grade 10,A,Advisory,3406,,Qtr4
Sea,Hor,Critical Ethnic Studies,B,4,2403,,Qtr4
Sea,Hor,Earth and Space,A,3,1203,A Lunch,Qtr4
Sea,Hor,French 1,B,1,4108,,Qtr4
Sea,Hor,Integrated Math II,B,3,4403,D Lunch,Qtr4
Sea,Hor,Integrated Math II Standards,A,1,3420,,Qtr4
Sea,Hor,"Painting, Beginning",B,2,1304,,Qtr4
Sea,Hor,Quest English 10,A,4,4114,,Qtr4
Sea,Hor,Skills for Coll & Car Readi 1,A,2,4112,,Qtr4
Ben,Hun,Advisory Grade 11,A,Advisory,2408,,Qtr4
Ben,Hun,Career Seminar 1,A,4,1101,,Qtr4
Ben,Hun,Earth and Space,B,4,1203,,Qtr4
Ben,Hun,Integrated Math III,A,2,4407,,Qtr4
Ben,Hun,Physics,A,1,2405,,Qtr4
Ben,Hun,Quest Science Fiction,B,3,3102,B Lunch,Qtr4
Ben,Hun,Skills for Coll & Car Readi 1,B,2,4104,,Qtr4
Ben,Hun,Street Law,A,3,3404,B Lunch,Qtr4
Ben,Hun,US History Survey,B,1,1317,,Qtr4
Eli,Hut,Advisory Grade 12,A,Advisory,4110,,Qtr4
Eli,Hut,AP Statistics,A,1,4408,,Qtr4
Eli,Hut,AP/IB HL Biology,B,2,2406,,Qtr4
Eli,Hut,CIS Psychology,A,3,3405,D Lunch,Qtr4
Eli,Hut,IB DP English A: Lit 12 HL,B,3,3103,B Lunch,Qtr4
Eli,Hut,IB DP German Imm 12: Lang A,B,1,4110,,Qtr4
Eli,Hut,IB DP History 20th Cent SL/HL,B,4,1316,,Qtr4
Eli,Hut,IB DP Math Applications SL1,A,4,4404,,Qtr4
Jan,Jac,Advisory Grade 9,A,Advisory,2406,,Qtr4
Jan,Jac,Biology,A,1,1203,,Qtr4
Jan,Jac,IB MYP Freshman Foundations,B,1,2311,,Qtr4
Jan,Jac,Integrated Math I,B,3,4410,D Lunch,Qtr4
Jan,Jac,Integrated Math I Standards,B,4,1104,,Qtr4
Jan,Jac,Quest English 9,A,2,3104,,Qtr4
Jan,Jac,Reading Standards 5,B,2,3409,,Qtr4
Jan,Jac,Skills for Coll & Car Readi 1,A,4,3118,,Qtr4
Jan,Jac,World History,A,3,3403,B Lunch,Qtr4
Rya,Jac,Advisory Grade 9,A,Advisory,2307,,Qtr4
Rya,Jac,AVID 9,A,2,3105,,Qtr4
Rya,Jac,"Biology, Accelerated",A,1,2406,,Qtr4
Rya,Jac,Chinese 1,B,2,4103,,Qtr4
Rya,Jac,"Drawing, Beginning",B,4,1303,,Qtr4
Rya,Jac,Integrated Math II,B,3,4402,D Lunch,Qtr4
Rya,Jac,Intro to Comp Programming,B,1,101,,Qtr4
Rya,Jac,Quest English 9,A,4,3106,,Qtr4
Rya,Jac,"World History, Accelerated",A,3,3402,B Lunch,Qtr4
Mar,Jal,Advisory Grade 10,A,Advisory,4404,,Qtr4
Mar,Jal,Chemistry Standards,A,2,4104,,Qtr4
Mar,Jal,Critical Ethnic Studies,B,2,4414,,Qtr4
Mar,Jal,Health: Individual & Community,B,4,1415,,Qtr4
Mar,Jal,Integrated Math II Standards,A,1,3420,,Qtr4
Mar,Jal,MindBody Fitness,A,3,1114,D Lunch,Qtr4
Mar,Jal,Reading Standards 5,B,3,3409,B Lunch,Qtr4
Mar,Jal,Skills for Coll & Car Readi 1,A,4,4112,,Qtr4
Mar,Jal,Soccer,B,1,1501,,Qtr4
Lar,Jil,Advisory,A,Advisory,4112,,Qtr4
Lar,Jil,Chemistry Standards,A,2,4104,,Qtr4
Lar,Jil,Critical Ethnic Studies,B,2,4414,,Qtr4
Lar,Jil,Integrated Math III Standards,A,4,4401,,Qtr4
Lar,Jil,Quest World Literature,B,4,3115,,Qtr4
Lar,Jil,Skills for Coll & Car Readi 1,B,1,4104,,Qtr4
Lar,Jil,Street Law,B,3,3406,B Lunch,Qtr4
Lar,Jil,US History Standards,A,3,4414,C Lunch,Qtr4
Lar,Jil,Volleyball,A,1,1501,,Qtr4
Ala,Kah,Advisory Grade 10,A,Advisory,4404,,Qtr4
Ala,Kah,Chemistry,B,1,2307,,Qtr4
Ala,Kah,Critical Ethnic Studies,B,2,4414,,Qtr4
Ala,Kah,Health: Individual & Community,B,3,1415,C Lunch,Qtr4
Ala,Kah,Integrated Math II,B,4,4403,,Qtr4
Ala,Kah,Integrated Math II Standards,A,1,3420,,Qtr4
Ala,Kah,Quest English 10,A,2,3108,,Qtr4
Ala,Kah,Reading Standards 6,A,3,4112,C Lunch,Qtr4
Ala,Kah,Skills for Coll & Car Readi 1,A,4,4112,,Qtr4
Mil,Kay,Advisory Grade 10,A,Advisory,4101,,Qtr4
Mil,Kay,AP Human Geography,B,3,3401,B Lunch,Qtr4
Mil,Kay,"Chemistry, Accelerated",B,1,2306,,Qtr4
Mil,Kay,GI- Writer's Workshop,A,3,4101,C Lunch,Qtr4
Mil,Kay,Health: Individual & Community,A,1,1415,,Qtr4
Mil,Kay,IB German Immersion 10,B,2,4110,,Qtr4
Mil,Kay,Integrated Math III (sem 2),A,4,4406,,Qtr4
Mil,Kay,Quest English 10,A,2,4114,,Qtr4
Chu,Kha,Advisory Grade 10,A,Advisory,4408,,Qtr4
Chu,Kha,Auto Technology 1,A,3,1214,D Lunch,Qtr4
Chu,Kha,Chemistry,A,1,2307,,Qtr4
Chu,Kha,Chinese 2,B,3,4103,C Lunch,Qtr4
Chu,Kha,Eng Lang Development 10,A,4,2403,,Qtr4
Chu,Kha,Health: Individual & Community,B,2,1415,,Qtr4
Chu,Kha,Integrated Math II,B,4,4403,,Qtr4
Chu,Kha,Quest English 10,B,1,4114,,Qtr4
Chu,Kha,Volleyball,A,2,1501,,Qtr4
Ant,Lau,Advisory Grade 12,A,Advisory,1304,,Qtr4
Ant,Lau,Auto Technology 3,B,4,1214,,Qtr4
Ant,Lau,Chemistry Standards,A,2,4104,,Qtr4
Ant,Lau,Early Release,A,3,,,Qtr4
Ant,Lau,Early Release,A,4,,,Qtr4
Ant,Lau,Integrated Math II Standards,A,1,3420,,Qtr4
Ant,Lau,Late Start,B,1,,,Qtr4
Ant,Lau,Quest World Literature,B,3,3115,D Lunch,Qtr4
Ant,Lau,Skills for Coll & Car Readi 1,B,2,4104,,Qtr4
Ant,Lau,Supplemental,B,5,,,Qtr4
Vin,Led,Advisory,A,Advisory,4104,,Qtr4
Vin,Led,Critical Ethnic Studies,A,4,3110,,Qtr4
Vin,Led,Integrated Math III Standards,B,4,4401,,Qtr4
Vin,Led,PSEO: Economics Crs Title -4cr,B,5,,,Qtr4
Vin,Led,Quest Science Fiction,B,3,3110,C Lunch,Qtr4
Vin,Led,Skills for Coll & Car Readi 1,A,3,4104,,Qtr4
Ali,Len,Career Seminar 1,B,3,1101,,Qtr4
Ali,Len,Integrated Math III Standards,A,4,4401,,Qtr4
Ali,Len,MindBody Fitness,A,3,1114,D Lunch,Qtr4
Ali,Len,Reading Standards 5,B,4,3409,,Qtr4
Ali,Len,Steps 1,A,1,,,Qtr4
Ali,Len,Steps 1,A,2,,,Qtr4
Ali,Len,Steps 1,B,1,,,Qtr4
Ali,Len,Steps 1,B,2,,,Qtr4
Ake,Lew,Advisory,A,Advisory,4104,,Qtr4
Ake,Lew,Chemistry Standards,A,2,4104,,Qtr4
Ake,Lew,Early Release,A,4,,,Qtr4
Ake,Lew,Early Release,B,4,,,Qtr4
Ake,Lew,Integrated Math I Standards,B,2,3410,,Qtr4
Ake,Lew,Late Start,A,1,,,Qtr4
Ake,Lew,Late Start,B,1,,,Qtr4
Ake,Lew,Reading Standards 5,B,3,3409,B Lunch,Qtr4
Ake,Lew,Skills for Coll & Car Readi 1,A,3,4104,,Qtr4
Jay,Lew,Advisory Grade 12,A,Advisory,3110,,Qtr4
Jay,Lew,AVID 12,B,2,3103,,Qtr4
Jay,Lew,Early Release,B,4,,,Qtr4
Jay,Lew,Economics,A,4,3407,,Qtr4
Jay,Lew,Late Start,A,1,,,Qtr4
Jay,Lew,Quest Science Fiction,A,2,3102,,Qtr4
Jay,Lew,Skills for Coll & Car Readi 1,B,1,4104,,Qtr4
Jay,Lew,Strength & Fitness Training,B,3,1117,D Lunch,Qtr4
Jay,Lew,World Music Ensemble,A,3,1119,D Lunch,Qtr4
Qui,Lew,Advisory Grade 11,A,Advisory,4106,,Qtr4
Qui,Lew,"Ceramics, Intermediate",B,3,1308,A Lunch,Qtr4
Qui,Lew,Critical Ethnic Studies,A,4,3110,,Qtr4
Qui,Lew,Integrated Math III,B,1,4407,,Qtr4
Qui,Lew,Physics,B,2,2405,,Qtr4
Qui,Lew,Quest Science Fiction,A,2,3102,,Qtr4
Qui,Lew,US History Survey,A,1,1317,,Qtr4
Qui,Lew,World Music Ensemble,A,3,1119,D Lunch,Qtr4
Ame,Lit,Advisory,A,Advisory,1103,,Qtr4
Ame,Lit,Career Seminar 1,A,4,1101,,Qtr4
Ame,Lit,"Ceramics, Beginning",A,1,1308,,Qtr4
Ame,Lit,Math Strategies,B,1,1104,,Qtr4
Ame,Lit,Physical Education / DAPE,A,3,,A Lunch,Qtr4
Ame,Lit,Reading Standards 7,B,4,4112,,Qtr4
Ame,Lit,Science Strategies,B,2,1104,,Qtr4
Ame,Lit,Social Studies Strategies,A,2,1103,,Qtr4
Ame,Lit,Unified PE (11-12 only),B,3,1501,A Lunch,Qtr4
Raz,Liv,Advisory Grade 11,A,Advisory,3105,,Qtr4
Raz,Liv,IB Spanish 3,A,3,4107,A Lunch,Qtr4
Raz,Liv,Integrated Math III,B,2,4407,,Qtr4
Raz,Liv,International Cuisine,A,1,1414,,Qtr4
Raz,Liv,Physics,B,4,2405,,Qtr4
Raz,Liv,Quest Science Fiction,A,2,3102,,Qtr4
Raz,Liv,Skills for Coll & Car Readi 1,B,1,4104,,Qtr4
Raz,Liv,Unified PE (11-12 only),B,3,1501,A Lunch,Qtr4
Raz,Liv,US History Survey,A,4,1317,,Qtr4
Key,Lon,Advisory,A,Advisory,4104,,Qtr4
Key,Lon,Biology Standards,A,1,4104,,Qtr4
Key,Lon,Career Seminar 1,B,4,1101,,Qtr4
Key,Lon,"Drawing, Beginning",B,1,1303,,Qtr4
Key,Lon,Individual & Team Sports,A,4,1501,,Qtr4
Key,Lon,Integrated Math I Standards,B,2,3410,,Qtr4
Key,Lon,Reading Standards 5,B,3,3409,B Lunch,Qtr4
Key,Lon,Skills for Coll & Car Readi 1,A,2,4112,,Qtr4
Key,Lon,US History Standards,A,3,4414,C Lunch,Qtr4
Riy,Mah,Advisory,A,Advisory,1104,,Qtr4
Riy,Mah,Math Strategies,B,4,1104,,Qtr4
Riy,Mah,"Painting, Beginning",B,1,1304,,Qtr4
Riy,Mah,Physical Education / DAPE,A,3,,A Lunch,Qtr4
Riy,Mah,Reading Strategies,A,1,1103,,Qtr4
Riy,Mah,Science Strategies,A,2,1104,,Qtr4
Riy,Mah,Transition To Independence 1,A,4,1104,,Qtr4
Riy,Mah,Transition To Independence 1,B,2,1103,,Qtr4
Riy,Mah,Unified PE (11-12 only),B,3,1501,A Lunch,Qtr4
Ter,Mar,Advisory Grade 10,A,Advisory,3101,,Qtr4
Ter,Mar,AP African American Studies,B,3,4117,B Lunch,Qtr4
Ter,Mar,AP Human Geography,B,2,3406,,Qtr4
Ter,Mar,Chemistry,A,2,2307,,Qtr4
Ter,Mar,Critical Ethnic Studies,A,4,3110,,Qtr4
Ter,Mar,Integrated Math II,B,4,4403,,Qtr4
Ter,Mar,Mixed Media,A,1,1318,,Qtr4
Ter,Mar,Quest English 10,B,1,4114,,Qtr4
Ter,Mar,Spanish 2,A,3,4109,C Lunch,Qtr4
Jas,Mas,Advisory Grade 10,A,Advisory,4406,,Qtr4
Jas,Mas,Career Seminar 1,B,3,1101,,Qtr4
Jas,Mas,Chemistry Standards,A,2,4104,,Qtr4
Jas,Mas,Critical Ethnic Studies,B,2,4414,,Qtr4
Jas,Mas,Health: Individual & Community,B,1,1415,,Qtr4
Jas,Mas,Integrated Math II Standards,A,1,3420,,Qtr4
Jas,Mas,Reading Standards 5,B,4,3409,,Qtr4
Jas,Mas,Skills for Coll & Car Readi 1,A,4,3118,,Qtr4
Dom,Mat,Advisory Grade 9,A,Advisory,2307,,Qtr4
Dom,Mat,AVID 9,A,2,3105,,Qtr4
Dom,Mat,Biology,B,2,1203,,Qtr4
Dom,Mat,"Dance, Intermediate",B,1,1114,,Qtr4
Dom,Mat,Earth and Space,A,3,2405,A Lunch,Qtr4
Dom,Mat,Integrated Math I,B,3,4410,D Lunch,Qtr4
Dom,Mat,Quest English 9,A,4,3106,,Qtr4
Dom,Mat,Spanish 1,A,1,4109,,Qtr4
Dom,Mat,World History,B,4,3404,,Qtr4
Dar,May,Advisory,A,Advisory,1104,,Qtr4
Dar,May,Math Strategies,B,4,1104,,Qtr4
Dar,May,"Painting, Beginning",B,1,1304,,Qtr4
Dar,May,Physical Education / DAPE,A,3,,A Lunch,Qtr4
Dar,May,Reading Strategies,A,4,1103,,Qtr4
Dar,May,Science Strategies,B,2,1104,,Qtr4
Dar,May,Social Studies Strategies,A,2,1103,,Qtr4
Dar,May,Transition To Independence 1,A,1,1104,,Qtr4
Dar,May,Unified PE (11-12 only),B,3,1501,A Lunch,Qtr4
Ter,McC,Advisory Grade 12,A,Advisory,1203,,Qtr4
Ter,McC,Biology Standards,A,1,4104,,Qtr4
Ter,McC,"Ceramics, Intermediate",A,4,1308,,Qtr4
Ter,McC,"Drawing, Beginning",B,4,1303,,Qtr4
Ter,McC,Personal Finance 10-12,B,1,4405,,Qtr4
Ter,McC,Quest Science Fiction,A,2,3102,,Qtr4
Ter,McC,Skills for Coll & Car Readi 1,A,3,4104,,Qtr4
Ter,McC,Street Law,B,3,3406,B Lunch,Qtr4
Ter,McC,US Government,B,2,3407,,Qtr4
Tre,McC,Advisory,A,Advisory,4112,,Qtr4
Tre,McC,Career Seminar 1,B,4,1101,,Qtr4
Tre,McC,Chemistry,B,3,2304,A Lunch,Qtr4
Tre,McC,Critical Ethnic Studies,B,2,4414,,Qtr4
Tre,McC,Integrated Math II Standards,A,4,3420,,Qtr4
Tre,McC,Late Start,A,1,,,Qtr4
Tre,McC,Late Start,B,1,,,Qtr4
Tre,McC,Reading Standards 6,A,3,4112,C Lunch,Qtr4
Tre,McC,Skills for Coll & Car Readi 1,A,2,4112,,Qtr4
Pen,McC,Advisory Grade 9,A,Advisory,1303,,Qtr4
Pen,McC,Biology,B,2,1203,,Qtr4
Pen,McC,"Ceramics, Beginning",B,1,1308,,Qtr4
Pen,McC,Culinary Arts 1,A,4,1414,,Qtr4
Pen,McC,Integrated Math I,A,2,4410,,Qtr4
Pen,McC,Marketing,A,1,3408,,Qtr4
Pen,McC,Quest English 9,A,3,3106,B Lunch,Qtr4
Pen,McC,Spanish 2,B,3,4109,C Lunch,Qtr4
Pen,McC,World History,B,4,3404,,Qtr4
Ava,McD,Advisory Grade 9,A,Advisory,4402,,Qtr4
Ava,McD,Biology,B,2,1203,,Qtr4
Ava,McD,Individual & Team Sports,A,4,1501,,Qtr4
Ava,McD,Integrated Math I,A,2,4410,,Qtr4
Ava,McD,Integrated Math I Standards,B,4,1104,,Qtr4
Ava,McD,Quest English 9,A,3,3106,B Lunch,Qtr4
Ava,McD,Reading Standards 5,B,3,3409,B Lunch,Qtr4
Ava,McD,Skills for Coll & Car Readi 1,B,1,3420,,Qtr4
Ava,McD,World History,A,1,3404,,Qtr4
Zah,Moh,Advisory Grade 12,A,Advisory,4417,,Qtr4
Zah,Moh,"Drawing, Beginning",B,4,1303,,Qtr4
Zah,Moh,Health: Individual & Community,B,1,1415,,Qtr4
Zah,Moh,IB DP Math Applications SL1,A,1,4404,,Qtr4
Zah,Moh,Mixed Media,A,4,1303,,Qtr4
Zah,Moh,Physics,B,2,2405,,Qtr4
Zah,Moh,Quest Science Fiction,A,3,3102,B Lunch,Qtr4
Zah,Moh,US Government,B,3,3407,B Lunch,Qtr4
Zah,Moh,Volleyball,A,2,1501,,Qtr4
Luc,Moo,Advisory Grade 10,A,Advisory,1308,,Qtr4
Luc,Moo,Critical Ethnic Studies,B,2,4414,,Qtr4
Luc,Moo,Eng Lang Development 10,A,4,2403,,Qtr4
Luc,Moo,Integrated Math II Standards,A,1,3420,,Qtr4
Luc,Moo,Reading Standards 5,B,3,3409,B Lunch,Qtr4
Luc,Moo,Skills for Coll & Car Readi 1,B,1,3420,,Qtr4
Luc,Moo,Soccer,B,4,1501,,Qtr4
Luc,Moo,Strength & Fitness Training,A,2,1117,,Qtr4
Luc,Moo,US History Standards,A,3,4414,C Lunch,Qtr4
Kie,Moo,Advisory Grade 10,A,Advisory,4406,,Qtr4
Kie,Moo,Chemistry,B,1,2307,,Qtr4
Kie,Moo,Critical Ethnic Studies,A,1,2408,,Qtr4
Kie,Moo,Integrated Math II,B,4,4403,,Qtr4
Kie,Moo,Personal Finance 10-12,A,3,3408,B Lunch,Qtr4
Kie,Moo,Quest English 10,A,2,3108,,Qtr4
Kie,Moo,Reading Standards 5,B,3,3409,B Lunch,Qtr4
Kie,Moo,Skills for Coll & Car Readi 1,A,4,4112,,Qtr4
Kie,Moo,Spanish 1,B,2,4106,,Qtr4
Kam,Moo,Advisory,A,Advisory,4112,,Qtr4
Kam,Moo,Biology Standards,A,1,4104,,Qtr4
Kam,Moo,Chemistry Standards,A,2,4104,,Qtr4
Kam,Moo,Critical Ethnic Studies,B,2,4414,,Qtr4
Kam,Moo,"Drawing, Beginning",B,3,1303,A Lunch,Qtr4
Kam,Moo,Integrated Math III Standards,A,4,4401,,Qtr4
Kam,Moo,"Music Production, Beginning",B,4,1119,,Qtr4
Kam,Moo,Reading Standards 6,A,3,4112,C Lunch,Qtr4
Kam,Moo,Skills for Coll & Car Readi 1,B,1,3420,,Qtr4
Dar,Mor,Advisory Grade 9,A,Advisory,3402,,Qtr4
Dar,Mor,Biology,B,2,1203,,Qtr4
Dar,Mor,Chinese 1,B,1,4103,,Qtr4
Dar,Mor,Individual & Team Sports,A,4,1501,,Qtr4
Dar,Mor,Integrated Math I,A,2,4410,,Qtr4
Dar,Mor,Quest English 9,A,3,3106,B Lunch,Qtr4
Dar,Mor,Reading Standards 5,B,4,3409,,Qtr4
Dar,Mor,Skills for Coll & Car Readi 1,A,1,3410,,Qtr4
Dar,Mor,World History,B,3,3404,B Lunch,Qtr4
Pet,Mur,Advisory Grade 9,A,Advisory,2406,,Qtr4
Pet,Mur,AVID 9,A,2,3105,,Qtr4
Pet,Mur,Biology,B,2,1203,,Qtr4
Pet,Mur,Integrated Math I,B,4,4417,,Qtr4
Pet,Mur,Quest English 9,B,3,3105,B Lunch,Qtr4
Pet,Mur,Skills for Coll & Car Readi 1,A,4,4112,,Qtr4
Pet,Mur,Spanish 1,B,1,4109,,Qtr4
Pet,Mur,"Ten/Bass (TB) Choir, Beginning",A,1,2501,,Qtr4
Pet,Mur,World History,A,3,3402,B Lunch,Qtr4
Luc,Nel,Advisory Grade 11,A,Advisory,3407,,Qtr4
Luc,Nel,AP US History,B,4,1317,,Qtr4
Luc,Nel,IB DP Chinese 5 HL,A,1,4103,,Qtr4
Luc,Nel,IB DP En A: Lan & Lit SL/HL 11,A,3,4114,C Lunch,Qtr4
Luc,Nel,Integrated Math III,A,2,4407,,Qtr4
Luc,Nel,MCTC Multicultural App to Educ,B,3,3415,C Lunch,Qtr4
Luc,Nel,Physics,B,2,2405,,Qtr4
Luc,Nel,Skills for Coll & Car Readi 1,A,4,3118,,Qtr4
Luc,Nel,"Sop/Alto (SA) Choir, Beginning",B,1,2501,,Qtr4
Dan,Nik,Advisory Grade 12,A,Advisory,4114,,Qtr4
Dan,Nik,Auto Technology 1,A,2,1214,,Qtr4
Dan,Nik,AVID 12,B,2,3103,,Qtr4
Dan,Nik,Early Release,A,4,,,Qtr4
Dan,Nik,Early Release,B,4,,,Qtr4
Dan,Nik,IB DP German 4 SL,A,1,4101,,Qtr4
Dan,Nik,Personal Finance 10-12,B,1,4405,,Qtr4
Dan,Nik,Quest Science Fiction,B,3,3102,B Lunch,Qtr4
Dan,Nik,Supplemental,B,5,,,Qtr4
Dan,Nik,US Government,A,3,3407,B Lunch,Qtr4
Sor,Ols,Advisory Grade 12,A,Advisory,1119,,Qtr4
Sor,Ols,Early Release,B,3,,,Qtr4
Sor,Ols,Early Release,B,4,,,Qtr4
Sor,Ols,Economics,A,1,3407,,Qtr4
Sor,Ols,Individual & Team Sports,A,4,1501,,Qtr4
Sor,Ols,Late Start,B,1,,,Qtr4
Sor,Ols,Late Start,B,2,,,Qtr4
Sor,Ols,Quest Science Fiction,A,2,3102,,Qtr4
Sor,Ols,Skills for Coll & Car Readi 1,A,3,4104,,Qtr4
Sor,Ols,Supplemental,B,5,,,Qtr4
Mak,Owe,Advisory Grade 10,A,Advisory,1202,,Qtr4
Mak,Owe,Auto Maint and Light Repair 1,B,3,,,Qtr4
Mak,Owe,Chemistry,A,2,2307,,Qtr4
Mak,Owe,French 1,B,1,4108,,Qtr4
Mak,Owe,Individual & Team Sports,A,4,1501,,Qtr4
Mak,Owe,Integrated Math II Standards,A,1,3420,,Qtr4
Mak,Owe,Reading Standards 6,A,3,4112,C Lunch,Qtr4
Mak,Owe,Skills for Coll & Car Readi 1,B,2,4104,,Qtr4
Rom,Owe,Advisory Grade 10,A,Advisory,1202,,Qtr4
Rom,Owe,Auto Technology 1,A,2,1214,,Qtr4
Rom,Owe,Chemistry,A,1,2307,,Qtr4
Rom,Owe,Critical Ethnic Studies,B,4,2403,,Qtr4
Rom,Owe,Integrated Math II,B,3,4403,D Lunch,Qtr4
Rom,Owe,Integrated Math II Standards,A,4,3420,,Qtr4
Rom,Owe,Quest English 10,B,2,3415,,Qtr4
Rom,Owe,Reading Standards 6,A,3,4112,C Lunch,Qtr4
Rom,Owe,Skills for Coll & Car Readi 1,B,1,3420,,Qtr4
Fir,Pau,Advisory Grade 9,A,Advisory,2306,,Qtr4
Fir,Pau,AVID 9,A,2,3105,,Qtr4
Fir,Pau,Biology,A,3,2304,A Lunch,Qtr4
Fir,Pau,Eng Lang Development 9,A,1,2403,,Qtr4
Fir,Pau,Integrated Math I,B,3,4410,D Lunch,Qtr4
Fir,Pau,Psychology,B,1,3405,,Qtr4
Fir,Pau,Quest English 9,B,2,3105,,Qtr4
Fir,Pau,Skills for Coll & Car Readi 1,A,4,3118,,Qtr4
Fir,Pau,World History,B,4,3102,,Qtr4
Col,Pea,Advisory Grade 12,A,Advisory,4110,,Qtr4
Col,Pea,AP Macroeconomics,A,1,3101,,Qtr4
Col,Pea,Choir Honors,B,4,2501,,Qtr4
Col,Pea,Early Release,A,3,,,Qtr4
Col,Pea,Early Release,A,4,,,Qtr4
Col,Pea,IB DP German Imm 12: Lang A,B,1,4110,,Qtr4
Col,Pea,Pre Calculus,B,3,4409,D Lunch,Qtr4
Col,Pea,Quest World Literature,A,2,3415,,Qtr4
Col,Pea,Skills for Coll & Car Readi 1,B,2,4104,,Qtr4
Col,Pea,Supplemental,B,5,,,Qtr4
Ire,Phi,Advisory Grade 12,A,Advisory,3102,,Qtr4
Ire,Phi,AP Env Science,B,3,2311,A Lunch,Qtr4
Ire,Phi,Early Release,A,4,,,Qtr4
Ire,Phi,Economics,B,1,3407,,Qtr4
Ire,Phi,IB DP German Imm 11: Lang A,A,1,4110,,Qtr4
Ire,Phi,Quest Science Fiction,A,3,3102,B Lunch,Qtr4
Ire,Phi,Quest World Literature,B,4,3115,,Qtr4
Ire,Phi,Skills for Coll & Car Readi 1,A,2,4112,,Qtr4
Ire,Phi,Supplemental,B,5,,,Qtr4
Ire,Phi,US Government,B,2,3407,,Qtr4
Wya,Pie,Advisory Grade 9,A,Advisory,2405,,Qtr4
Wya,Pie,Biology,B,4,2304,,Qtr4
Wya,Pie,Chinese 1,B,1,4103,,Qtr4
Wya,Pie,IB MYP Freshman Foundations,A,2,2312,,Qtr4
Wya,Pie,Integrated Math I,B,3,4410,D Lunch,Qtr4
Wya,Pie,MindBody Fitness,A,1,1114,,Qtr4
Wya,Pie,Quest English 9,A,3,3106,B Lunch,Qtr4
Wya,Pie,Skills for Coll & Car Readi 1,A,4,3118,,Qtr4
Wya,Pie,"World History, Accelerated",B,2,3402,,Qtr4
Luc,Poi,Advisory Grade 12,A,Advisory,3107,,Qtr4
Luc,Poi,AP Statistics,A,1,4408,,Qtr4
Luc,Poi,"Drawing, Intermediate",A,2,1303,,Qtr4
Luc,Poi,Early Release,A,4,,,Qtr4
Luc,Poi,IB DP En A: Lan & Lit SL/HL 12,B,3,3104,B Lunch,Qtr4
Luc,Poi,Late Start,B,1,,,Qtr4
Luc,Poi,Skills for Coll & Car Readi 1,B,2,4104,,Qtr4
Luc,Poi,Supplemental,B,5,,,Qtr4
Luc,Poi,US Government,A,3,3407,B Lunch,Qtr4
Que,Pop,Advisory,A,Advisory,4104,,Qtr4
Que,Pop,Chemistry Standards,A,2,4104,,Qtr4
Que,Pop,Integrated Math III Standards,A,4,4401,,Qtr4
Que,Pop,Late Start,A,1,,,Qtr4
Que,Pop,Late Start,B,1,,,Qtr4
Que,Pop,Late Start,B,2,,,Qtr4
Que,Pop,Reading Standards 7,B,4,4112,,Qtr4
Que,Pop,Supplemental,B,5,,,Qtr4
Que,Pop,US History Standards,A,3,4414,C Lunch,Qtr4
Eli,Pra,Advisory Grade 12,A,Advisory,1203,,Qtr4
Eli,Pra,AP Statistics,B,4,4408,,Qtr4
Eli,Pra,"Ceramics, Advanced",B,2,1308,,Qtr4
Eli,Pra,CIS Intro to Computing Systems,B,3,101,C Lunch,Qtr4
Eli,Pra,Economics,B,1,3407,,Qtr4
Eli,Pra,IB DP French 4 SL,A,1,4108,,Qtr4
Eli,Pra,Quest Science Fiction,A,2,3102,,Qtr4
Eli,Pra,Studio Art II,A,4,1304,,Qtr4
Eli,Pra,Supplemental,B,5,,,Qtr4
Eli,Pra,US Government,A,3,3407,B Lunch,Qtr4
Kei,Pur,Advisory Grade 9,A,Advisory,2306,,Qtr4
Kei,Pur,Band Intermediate,B,3,2507,D Lunch,Qtr4
Kei,Pur,Biology,A,1,1203,,Qtr4
Kei,Pur,"Drafting, Beginning",B,2,1314,,Qtr4
Kei,Pur,German 1,B,1,4101,,Qtr4
Kei,Pur,Integrated Math III,B,4,4407,,Qtr4
Kei,Pur,"Painting, Beginning",A,2,1304,,Qtr4
Kei,Pur,Quest English 9,A,4,3115,,Qtr4
Kei,Pur,World History,A,3,3402,B Lunch,Qtr4
Kat,Ray,Advisory Grade 12,A,Advisory,3110,,Qtr4
Kat,Ray,"Ceramics, Advanced",B,2,1308,,Qtr4
Kat,Ray,Early Release,A,4,,,Qtr4
Kat,Ray,Early Release,B,4,,,Qtr4
Kat,Ray,Mixed Media,A,1,1303,,Qtr4
Kat,Ray,Quest Science Fiction,A,2,3102,,Qtr4
Kat,Ray,Reading Standards 6,B,1,4112,,Qtr4
Kat,Ray,Skills for Coll & Car Readi 1,A,3,4104,,Qtr4
Kat,Ray,Supplemental,B,5,,,Qtr4
Kat,Ray,US Government,B,3,3407,B Lunch,Qtr4
Wil,Rie,Advisory Grade 12,A,Advisory,1203,,Qtr4
Wil,Rie,"Drawing, Intermediate",A,2,1303,,Qtr4
Wil,Rie,IB DP Chinese 4 SL,A,1,4103,,Qtr4
Wil,Rie,Pre Calculus,B,1,4403,,Qtr4
Wil,Rie,PSEO: Eng 11/12 Crs Title-4c,B,5,,,Qtr4
Wil,Rie,Quest African Amer Literature,B,2,3104,,Qtr4
Wil,Rie,Supplemental,B,5,,,Qtr4
Aid,Rob,Advisory Grade 9,A,Advisory,2406,,Qtr4
Aid,Rob,Biology,B,2,1203,,Qtr4
Aid,Rob,GI- Writer's Workshop,A,3,4101,C Lunch,Qtr4
Aid,Rob,IB German Immersion 9,A,4,4110,,Qtr4
Aid,Rob,IB MYP Freshman Foundations,B,4,2507,,Qtr4
Aid,Rob,Integrated Math I,A,1,4417,,Qtr4
Aid,Rob,Quest English 9,A,2,3115,,Qtr4
Aid,Rob,Soccer,B,1,1501,,Qtr4
Aid,Rob,World History,B,3,3404,B Lunch,Qtr4
Eva,Rob,Advisory Grade 11,A,Advisory,3415,,Qtr4
Eva,Rob,Career Seminar 1,B,3,1101,,Qtr4
Eva,Rob,Early Release,B,4,,,Qtr4
Eva,Rob,Health: Individual & Community,A,1,1415,,Qtr4
Eva,Rob,Integrated Math III,B,1,4407,,Qtr4
Eva,Rob,Physics,B,2,2405,,Qtr4
Eva,Rob,Quest Science Fiction,A,2,3102,,Qtr4
Eva,Rob,Skills for Coll & Car Readi 1,A,3,4104,,Qtr4
Eva,Rob,US History Survey,A,4,1317,,Qtr4
Jim,Roj,Advisory,A,Advisory,1103,,Qtr4
Jim,Roj,Math Strategies,B,4,1104,,Qtr4
Jim,Roj,"Painting, Beginning",B,1,1304,,Qtr4
Jim,Roj,Physical Education / DAPE,A,3,,A Lunch,Qtr4
Jim,Roj,Reading Strategies,A,1,1103,,Qtr4
Jim,Roj,Science Strategies,A,2,1104,,Qtr4
Jim,Roj,Supplemental,B,5,,,Qtr4
Jim,Roj,Transition To Independence 1,A,4,1104,,Qtr4
Jim,Roj,Transition To Independence 1,B,2,1103,,Qtr4
Jim,Roj,Unified PE (11-12 only),B,3,1501,A Lunch,Qtr4
Col,Ron,Advisory Grade 9,A,Advisory,4402,,Qtr4
Col,Ron,Biology,A,1,1202,,Qtr4
Col,Ron,GI- Writer's Workshop,A,3,4101,C Lunch,Qtr4
Col,Ron,IB German Immersion 9,A,4,4110,,Qtr4
Col,Ron,Integrated Math I,A,2,4410,,Qtr4
Col,Ron,Intro to Business,B,4,3408,,Qtr4
Col,Ron,Quest English 9,B,1,3103,,Qtr4
Col,Ron,Skills for Coll & Car Readi 1,B,2,4104,,Qtr4
Col,Ron,"World History, Accelerated",B,3,3402,B Lunch,Qtr4
Eth,San,Advisory Grade 9,A,Advisory,1317,,Qtr4
Eth,San,Auto Technology 1,A,2,1214,,Qtr4
Eth,San,Biology,A,1,1203,,Qtr4
Eth,San,"Drafting, Beginning",B,2,1314,,Qtr4
Eth,San,GI- Writer's Workshop,A,3,4101,C Lunch,Qtr4
Eth,San,IB German Immersion 9,A,4,4110,,Qtr4
Eth,San,Integrated Math II,B,3,4403,D Lunch,Qtr4
Eth,San,Quest English 9,B,1,3103,,Qtr4
Eth,San,"World History, Accelerated",B,4,3403,,Qtr4
Sue,Say,Advisory Grade 9,A,Advisory,1318,,Qtr4
Sue,Say,Auto Technology 1,A,3,1214,D Lunch,Qtr4
Sue,Say,Biology,B,2,2304,,Qtr4
Sue,Say,Eng Lang Development 9,A,1,2403,,Qtr4
Sue,Say,Integrated Math I,B,1,4417,,Qtr4
Sue,Say,Quest English 9,A,2,3104,,Qtr4
Sue,Say,Reading Standards 5,B,3,3409,B Lunch,Qtr4
Sue,Say,Skills for Coll & Car Readi 1,A,4,4112,,Qtr4
Sue,Say,World History,B,4,3404,,Qtr4
Rya,Sch,Advisory Grade 9,A,Advisory,4402,,Qtr4
Rya,Sch,Biology,A,1,1202,,Qtr4
Rya,Sch,"Drafting, Beginning",B,2,1314,,Qtr4
Rya,Sch,"Drawing, Beginning",B,1,1303,,Qtr4
Rya,Sch,Integrated Math I,A,2,4410,,Qtr4
Rya,Sch,Latin 1,B,4,4105,,Qtr4
Rya,Sch,Quest English 9,A,3,3104,B Lunch,Qtr4
Rya,Sch,Skills for Coll & Car Readi 1,A,4,3118,,Qtr4
Rya,Sch,World History,B,3,3404,B Lunch,Qtr4
Tak,Sco,Advisory,A,Advisory,1103,,Qtr4
Tak,Sco,Math Strategies,B,1,1104,,Qtr4
Tak,Sco,Reading Strategies,A,1,1103,,Qtr4
Tak,Sco,Science Strategies,B,2,1104,,Qtr4
Tak,Sco,Social Studies Strategies,A,2,1103,,Qtr4
Tak,Sco,Steps 1,A,3,,,Qtr4
Tak,Sco,Steps 1,A,4,,,Qtr4
Tak,Sco,Steps 1,B,3,,,Qtr4
Tak,Sco,Steps 1,B,4,,,Qtr4
Tak,Sco,Supplemental,B,5,,,Qtr4
Bra,Sha,Advisory,A,Advisory,1103,,Qtr4
Bra,Sha,Career Seminar 1,B,3,1101,,Qtr4
Bra,Sha,Integrated Math II Standards,A,4,3420,,Qtr4
Bra,Sha,Reading Standards 6,A,3,4112,C Lunch,Qtr4
Bra,Sha,Social Studies Strategies,B,4,1103,,Qtr4
Bra,Sha,Steps 1,A,1,,,Qtr4
Bra,Sha,Steps 1,A,2,,,Qtr4
Bra,Sha,Steps 1,B,1,,,Qtr4
Bra,Sha,Steps 1,B,2,,,Qtr4
Rob,She,Advisory Grade 12,A,Advisory,3110,,Qtr4
Rob,She,Culinary Arts 1,A,4,1414,,Qtr4
Rob,She,Late Start,A,1,,,Qtr4
Rob,She,Late Start,B,1,,,Qtr4
Rob,She,"Painting, Beginning",A,2,1304,,Qtr4
Rob,She,Quest Science Fiction,B,3,3102,B Lunch,Qtr4
Rob,She,Skills for Coll & Car Readi 1,B,2,4104,,Qtr4
Rob,She,Soccer,B,4,1501,,Qtr4
Rob,She,Supplemental,B,5,,,Qtr4
Rob,She,US Government,A,3,3407,B Lunch,Qtr4
Sua,Sid,Advisory Grade 9,A,Advisory,1303,,Qtr4
Sua,Sid,Biology,A,1,2304,,Qtr4
Sua,Sid,Culinary Arts 1,A,4,1414,,Qtr4
Sua,Sid,Integrated Math I,A,2,4410,,Qtr4
Sua,Sid,Quest English 9,A,3,3106,B Lunch,Qtr4
Sua,Sid,Reading Standards 5,B,4,3409,,Qtr4
Sua,Sid,Skills for Coll & Car Readi 1,B,1,3420,,Qtr4
Sua,Sid,Strength & Fitness Training,B,2,1117,,Qtr4
Sua,Sid,World History,B,3,3404,B Lunch,Qtr4
Kam,Smi,Advisory,A,Advisory,1104,,Qtr4
Kam,Smi,Math Strategies,B,1,1104,,Qtr4
Kam,Smi,Reading Strategies,A,1,1103,,Qtr4
Kam,Smi,Science Strategies,B,2,1104,,Qtr4
Kam,Smi,Social Studies Strategies,A,2,1103,,Qtr4
Kam,Smi,Steps 1,A,3,,,Qtr4
Kam,Smi,Steps 1,A,4,,,Qtr4
Kam,Smi,Steps 1,B,3,,,Qtr4
Kam,Smi,Steps 1,B,4,,,Qtr4
Jam,Swe,Advisory Grade 9,A,Advisory,3402,,Qtr4
Jam,Swe,Biology,A,1,1202,,Qtr4
Jam,Swe,Integrated Math I,B,3,4410,D Lunch,Qtr4
Jam,Swe,Integrated Math I Standards,B,4,1104,,Qtr4
Jam,Swe,Quest English 9,A,3,3106,B Lunch,Qtr4
Jam,Swe,Reading Standards 5,B,2,3409,,Qtr4
Jam,Swe,Skills for Coll & Car Readi 1,B,1,3420,,Qtr4
Jam,Swe,Spanish 1,A,2,4106,,Qtr4
Jam,Swe,World History,A,4,3402,,Qtr4
Mar,Tho,Advisory,A,Advisory,4112,,Qtr4
Mar,Tho,Biology Standards,A,1,4104,,Qtr4
Mar,Tho,Chemistry Standards,A,2,4104,,Qtr4
Mar,Tho,Critical Ethnic Studies,B,2,4414,,Qtr4
Mar,Tho,Integrated Math I Standards,B,4,1104,,Qtr4
Mar,Tho,Reading Standards 6,B,1,4112,,Qtr4
Mar,Tho,Skills for Coll & Car Readi 1,A,4,4112,,Qtr4
Mar,Tho,Strength & Fitness Training,B,3,1117,D Lunch,Qtr4
Mar,Tho,US History Standards,A,3,4414,C Lunch,Qtr4
Auv,Tim,Advisory Grade 9,A,Advisory,1317,,Qtr4
Auv,Tim,Biology,A,2,2304,,Qtr4
Auv,Tim,"Drawing, Beginning",B,1,1303,,Qtr4
Auv,Tim,Integrated Math I,B,3,4410,D Lunch,Qtr4
Auv,Tim,Quest English 9,A,4,3106,,Qtr4
Auv,Tim,Reading Standards 5,B,2,3409,,Qtr4
Auv,Tim,Skills for Coll & Car Readi 1,A,1,3410,,Qtr4
Auv,Tim,Strength & Fitness Training,A,3,1117,D Lunch,Qtr4
Auv,Tim,World History,B,4,3404,,Qtr4
Xay,Tra,Advisory Grade 10,A,Advisory,2304,,Qtr4
Xay,Tra,Chemistry,A,2,2307,,Qtr4
Xay,Tra,Human Geography,A,1,3401,,Qtr4
Xay,Tra,Integrated Math II,B,4,4403,,Qtr4
Xay,Tra,Integrated Math II Standards,A,4,3420,,Qtr4
Xay,Tra,Quest English 10,B,1,4114,,Qtr4
Xay,Tra,Reading Standards 5,B,3,3409,B Lunch,Qtr4
Xay,Tra,Skills for Coll & Car Readi 1,B,2,4104,,Qtr4
Xay,Tra,Strength & Fitness Training,A,3,1117,D Lunch,Qtr4
Pao,Tri,Advisory Grade 10,A,Advisory,1308,,Qtr4
Pao,Tri,"Biology, Accelerated",A,3,1202,A Lunch,Qtr4
Pao,Tri,"Ceramics, Beginning",A,2,1308,,Qtr4
Pao,Tri,Critical Ethnic Studies,B,4,2403,,Qtr4
Pao,Tri,Human Geography,A,1,3401,,Qtr4
Pao,Tri,Integrated Math II,B,3,4403,D Lunch,Qtr4
Pao,Tri,Quest English 10,B,1,4114,,Qtr4
Pao,Tri,Skills for Coll & Car Readi 1,A,4,3118,,Qtr4
Pao,Tri,Street Law,B,2,3404,,Qtr4
Dec,Ull,Advisory Grade 12,A,Advisory,1203,,Qtr4
Dec,Ull,Late Start,A,1,,,Qtr4
Dec,Ull,Quest World Literature,A,2,3415,,Qtr4
Dec,Ull,Skills for Coll & Car Readi 1,B,1,4104,,Qtr4
Dec,Ull,US Government,B,2,3407,,Qtr4
Tig,Val,Advisory Grade 10,A,Advisory,2304,,Qtr4
Tig,Val,AP Human Geography,B,2,3406,,Qtr4
Tig,Val,AVID 10,A,4,3408,,Qtr4
Tig,Val,Chemistry,B,3,2304,A Lunch,Qtr4
Tig,Val,Health: Individual & Community,A,2,1415,,Qtr4
Tig,Val,Integrated Math II,B,4,4403,,Qtr4
Tig,Val,Quest English 10,B,1,4114,,Qtr4
Tig,Val,Skills for Coll & Car Readi 1,A,1,3410,,Qtr4
Tig,Val,Spanish 2,A,3,4109,C Lunch,Qtr4
Ann,Wal,Advisory Grade 9,A,Advisory,2312,,Qtr4
Ann,Wal,Band Intermediate,B,2,2507,,Qtr4
Ann,Wal,"Biology, Accelerated",B,3,2406,A Lunch,Qtr4
Ann,Wal,Integrated Math I,A,2,4408,,Qtr4
Ann,Wal,Quest English 9,A,4,3106,,Qtr4
Ann,Wal,Reading Standards 5,B,4,3409,,Qtr4
Ann,Wal,Soccer,B,1,1501,,Qtr4
Ann,Wal,Spanish 1,A,1,4109,,Qtr4
Ann,Wal,World History,A,3,3402,B Lunch,Qtr4
Had,Whi,Advisory Grade 9,A,Advisory,4410,,Qtr4
Had,Whi,AVID 9,B,4,3107,,Qtr4
Had,Whi,Band Intermediate,B,3,2507,D Lunch,Qtr4
Had,Whi,"Biology, Accelerated",A,3,1202,A Lunch,Qtr4
Had,Whi,French 1,A,4,4108,,Qtr4
Had,Whi,Integrated Math I,A,1,4417,,Qtr4
Had,Whi,Quest English 9,B,1,3103,,Qtr4
Had,Whi,Skills for Coll & Car Readi 1,A,2,4112,,Qtr4
Had,Whi,"World History, Accelerated",B,2,3402,,Qtr4
Ama,Wil,Advisory Grade 11,A,Advisory,4117,,Qtr4
Ama,Wil,Auto Technology 2,B,3,1214,A Lunch,Qtr4
Ama,Wil,AVID 11,B,2,3405,,Qtr4
Ama,Wil,Integrated Math III,B,1,4407,,Qtr4
Ama,Wil,Physics,A,1,2405,,Qtr4
Ama,Wil,Quest Science Fiction,A,2,3102,,Qtr4
Ama,Wil,Reading Standards 7,B,4,4112,,Qtr4
Ama,Wil,US History Survey,A,4,1317,,Qtr4
Ada,Wil,Advisory Grade 9,A,Advisory,4109,,Qtr4
Ada,Wil,Biology,B,2,1203,,Qtr4
Ada,Wil,Integrated Math I,B,3,4410,D Lunch,Qtr4
Ada,Wil,"Music Production, Beginning",B,4,1119,,Qtr4
Ada,Wil,Quest English 9,A,4,3106,,Qtr4
Ada,Wil,Skills for Coll & Car Readi 1,B,1,3420,,Qtr4
Ada,Wil,Spanish 1,A,2,4109,,Qtr4
Ada,Wil,World History,A,1,3404,,Qtr4
Ada,Wil,World History,A,3,3403,B Lunch,Qtr4
Ca',Wil,Advisory Grade 12,A,Advisory,3408,,Qtr4
Ca',Wil,Early Release,A,3,,,Qtr4
Ca',Wil,Early Release,A,4,,,Qtr4
Ca',Wil,Early Release,B,3,,,Qtr4
Ca',Wil,Early Release,B,4,,,Qtr4
Ca',Wil,Quest Science Fiction,A,2,3102,,Qtr4
Ca',Wil,Skills for Coll & Car Readi 1,B,1,4104,,Qtr4
Ca',Wil,US Government,B,2,3407,,Qtr4
Kha,Wil,Advisory Grade 12,A,Advisory,3102,,Qtr4
Kha,Wil,AVID 12,B,2,3103,,Qtr4
Kha,Wil,Early Release,A,4,,,Qtr4
Kha,Wil,Early Release,B,4,,,Qtr4
Kha,Wil,IB DP Math Analysis SL (Calc),A,2,4403,,Qtr4
Kha,Wil,Late Start,A,1,,,Qtr4
Kha,Wil,Late Start,B,1,,,Qtr4
Kha,Wil,Quest Science Fiction,B,3,3102,B Lunch,Qtr4
Kha,Wil,Skills for Coll & Car Readi 1,A,3,4104,,Qtr4
MaK,Wis,Advisory Grade 10,A,Advisory,4406,,Qtr4
MaK,Wis,Chemistry,B,3,2304,A Lunch,Qtr4
MaK,Wis,Critical Ethnic Studies,B,4,2403,,Qtr4
MaK,Wis,Earth and Space,A,3,1203,A Lunch,Qtr4
MaK,Wis,Health: Individual & Community,A,1,1415,,Qtr4
MaK,Wis,Integrated Math II,A,2,4406,,Qtr4
MaK,Wis,Reading Standards 6,B,1,4112,,Qtr4
MaK,Wis,Skills for Coll & Car Readi 1,A,4,4112,,Qtr4
Jos,Yan,Advisory Grade 11,A,Advisory,3415,,Qtr4
Jos,Yan,AP Env Science,A,3,2311,A Lunch,Qtr4
Jos,Yan,AP US History,A,4,1316,,Qtr4
Jos,Yan,AVID 11,B,2,3405,,Qtr4
Jos,Yan,"Drawing, Intermediate",A,2,1303,,Qtr4
Jos,Yan,Earth and Space,B,4,1203,,Qtr4
Jos,Yan,Integrated Math III,B,1,4407,,Qtr4
Jos,Yan,Mixed Media,A,1,1318,,Qtr4
Jos,Yan,Quest Science Fiction,B,3,3102,B Lunch,Qtr4